from,to
dietrich,vfb
dietrich,straessle
dietrich,vmm
dietrich,midholding
dietrich,midgmbh
dietrich,cawdietrich
dietrich,quattrexsports
dietrich,quattrexfinance
porth,vfb
porth,daimlerag
porth,mercedesbenzvans
gaiser,vfb
gaiser,horvath
gaiser,recaro
gaiser,ieg
jenner,vfb
jenner,alfredkaercherkg
jenner,alfredkaercherfoerder
jenner,hartmutjennergmbh
jenner,zoi
jenner,nikopagmbh
jenner,nikopavermoegen
ohlicher,totolotto
ohlicher,vfb
reiner,mercesbenzfinanzgmbh
reiner,mercedesbenzbank
reiner,mercedesbenzfinancialusa
reiner,daimlerfinancialcanada
reiner,daimlerfinancialag
reiner,vfb
sugg,robertboschgmbh
sugg,fanclubcourage
sugg,vfb